Date,Status
2020-03-18,MCO Phase 1
2020-03-19,MCO Phase 1
2020-03-20,MCO Phase 1
2020-03-21,MCO Phase 1
2020-03-22,MCO Phase 1
2020-03-23,MCO Phase 1
2020-03-24,MCO Phase 1
2020-03-25,MCO Phase 1
2020-03-26,MCO Phase 1
2020-03-27,MCO Phase 1
2020-03-28,MCO Phase 1
2020-03-29,MCO Phase 1
2020-03-30,MCO Phase 1
2020-03-31,MCO Phase 1
2020-04-01,MCO Phase 2
2020-04-02,MCO Phase 2
2020-04-03,MCO Phase 2
2020-04-04,MCO Phase 2
2020-04-05,MCO Phase 2
2020-04-06,MCO Phase 2
2020-04-07,MCO Phase 2
2020-04-08,MCO Phase 2
2020-04-09,MCO Phase 2
2020-04-10,MCO Phase 2
2020-04-11,MCO Phase 2
2020-04-12,MCO Phase 2
2020-04-13,MCO Phase 2
2020-04-14,MCO Phase 2
2020-04-15,MCO Phase 3
2020-04-16,MCO Phase 3
2020-04-17,MCO Phase 3
2020-04-18,MCO Phase 3
2020-04-19,MCO Phase 3
2020-04-20,MCO Phase 3
2020-04-21,MCO Phase 3
2020-04-22,MCO Phase 3
2020-04-23,MCO Phase 3
2020-04-24,MCO Phase 3
2020-04-25,MCO Phase 3
2020-04-26,MCO Phase 3
2020-04-27,MCO Phase 3
2020-04-28,MCO Phase 3
2020-04-29,MCO Phase 4
2020-04-30,MCO Phase 4
2020-05-01,MCO Phase 4
2020-05-02,MCO Phase 4
2020-05-03,MCO Phase 4
2020-05-04,Conditional MCO
2020-05-05,Conditional MCO
2020-05-06,Conditional MCO
2020-05-07,Conditional MCO
2020-05-08,Conditional MCO
2020-05-09,Conditional MCO
2020-05-10,Conditional MCO
2020-05-11,Conditional MCO
2020-05-12,Conditional MCO
2020-05-13,Conditional MCO
2020-05-14,Conditional MCO
2020-05-15,Conditional MCO
2020-05-16,Conditional MCO
2020-05-17,Conditional MCO
2020-05-18,Conditional MCO
2020-05-19,Conditional MCO
2020-05-20,Conditional MCO
2020-05-21,Conditional MCO
2020-05-22,Conditional MCO
2020-05-23,Conditional MCO
2020-05-24,Conditional MCO
2020-05-25,Conditional MCO
2020-05-26,Conditional MCO
2020-05-27,Conditional MCO
2020-05-28,Conditional MCO
2020-05-29,Conditional MCO
2020-05-30,Conditional MCO
2020-05-31,Conditional MCO
2020-06-01,Conditional MCO
2020-06-02,Conditional MCO
2020-06-03,Conditional MCO
2020-06-04,Conditional MCO
2020-06-05,Conditional MCO
2020-06-06,Conditional MCO
2020-06-07,Conditional MCO
2020-06-08,Conditional MCO
2020-06-09,Conditional MCO
